,Unnamed: 0,location,count,percentage,year,Continent
0,0,United States of America,72,36.0,2011,North America
1,1,United Kingdom,29,14.5,2011,Europe
2,2,Germany,14,7.0,2011,Europe
3,3,Netherlands,10,5.0,2011,Europe
4,4,Canada,9,4.5,2011,North America
5,5,Australia,7,3.5,2011,Oceania
6,6,China,6,3.0,2011,Asia
7,7,Sweden,6,3.0,2011,Europe
8,8,Switzerland,6,3.0,2011,Europe
9,9,Japan,5,2.5,2011,Asia
10,10,South Korea,4,2.0,2011,Asia
11,11,France,4,2.0,2011,Europe
12,12,Hong Kong,4,2.0,2011,Asia
13,13,Taiwan,4,2.0,2011,Asia
14,14,Denmark,3,1.5,2011,Europe
15,15,Spain,2,1.0,2011,Europe
16,16,Belgium,2,1.0,2011,Europe
17,17,Ireland,2,1.0,2011,Europe
18,18,Turkey,2,1.0,2011,Asia
19,19,Singapore,2,1.0,2011,Asia
20,20,Austria,2,1.0,2011,Europe
21,21,South Africa,1,0.5,2011,Africa
22,22,Finland,1,0.5,2011,Europe
23,23,Norway,1,0.5,2011,Europe
24,24,New Zealand,1,0.5,2011,Oceania
25,25,Egypt,1,0.5,2011,Africa
26,0,United States of America,113,28.09,2012,North America
27,1,United Kingdom,52,12.94,2012,Europe
28,2,Germany,22,5.47,2012,Europe
29,3,Australia,21,5.22,2012,Oceania
30,4,Canada,18,4.48,2012,North America
31,5,Japan,16,3.98,2012,Asia
32,6,Italy,14,3.48,2012,Europe
33,7,Netherlands,13,3.23,2012,Europe
34,8,China,10,2.49,2012,Asia
35,9,Sweden,10,2.49,2012,Europe
36,10,France,8,1.99,2012,Europe
37,11,Spain,8,1.99,2012,Europe
38,12,Taiwan,8,1.99,2012,Asia
39,13,South Korea,7,1.74,2012,Asia
40,14,Belgium,7,1.74,2012,Europe
41,15,Switzerland,7,1.74,2012,Europe
42,16,Hong Kong,6,1.49,2012,Asia
43,17,New Zealand,6,1.49,2012,Oceania
44,18,Denmark,5,1.24,2012,Europe
45,19,Austria,5,1.24,2012,Europe
46,20,Finland,5,1.24,2012,Europe
47,21,Ireland,5,1.24,2012,Europe
48,22,Israel,4,1.0,2012,Asia
49,23,Norway,4,1.0,2012,Europe
50,24,Turkey,4,1.0,2012,Asia
51,25,Portugal,4,1.0,2012,Europe
52,26,South Africa,3,0.75,2012,Africa
53,27,Brazil,2,0.5,2012,South America
54,28,Singapore,2,0.5,2012,Asia
55,29,Russia,2,0.5,2012,Asia
56,30,Poland,2,0.5,2012,Europe
57,31,India,1,0.25,2012,Asia
58,32,Thailand,1,0.25,2012,Asia
59,33,Chile,1,0.25,2012,South America
60,34,Czechia,1,0.25,2012,Europe
61,35,Greece,1,0.25,2012,Europe
62,36,Iran,1,0.25,2012,Asia
63,37,Egypt,1,0.25,2012,Africa
64,38,Iceland,1,0.25,2012,Europe
65,39,Estonia,1,0.25,2012,Europe
66,0,United States of America,111,27.75,2013,North America
67,1,United Kingdom,48,12.0,2013,Europe
68,2,Germany,25,6.25,2013,Europe
69,3,Canada,19,4.75,2013,North America
70,4,Australia,19,4.75,2013,Oceania
71,5,Italy,14,3.5,2013,Europe
72,6,Japan,13,3.25,2013,Asia
73,7,Netherlands,13,3.25,2013,Europe
74,8,France,12,3.0,2013,Europe
75,9,Sweden,10,2.5,2013,Europe
76,10,China,9,2.25,2013,Asia
77,11,Switzerland,8,2.0,2013,Europe
78,12,Taiwan,7,1.75,2013,Asia
79,13,Belgium,7,1.75,2013,Europe
80,14,Spain,7,1.75,2013,Europe
81,15,South Korea,6,1.5,2013,Asia
82,16,Hong Kong,6,1.5,2013,Asia
83,17,Austria,6,1.5,2013,Europe
84,18,New Zealand,6,1.5,2013,Oceania
85,19,Denmark,5,1.25,2013,Europe
86,20,Ireland,5,1.25,2013,Europe
87,21,Finland,5,1.25,2013,Europe
88,22,Turkey,5,1.25,2013,Asia
89,23,South Africa,4,1.0,2013,Africa
90,24,Norway,4,1.0,2013,Europe
91,25,Portugal,3,0.75,2013,Europe
92,26,India,3,0.75,2013,Asia
93,27,Israel,3,0.75,2013,Asia
94,28,Russia,2,0.5,2013,Asia
95,29,Brazil,2,0.5,2013,South America
96,30,Singapore,2,0.5,2013,Asia
97,31,Poland,2,0.5,2013,Europe
98,32,Iceland,1,0.25,2013,Europe
99,33,Czechia,1,0.25,2013,Europe
100,34,Saudi Arabia,1,0.25,2013,Asia
101,35,Iran,1,0.25,2013,Asia
102,36,Greece,1,0.25,2013,Europe
103,37,Thailand,1,0.25,2013,Asia
104,38,Colombia,1,0.25,2013,South America
105,39,Mexico,1,0.25,2013,North America
106,40,Estonia,1,0.25,2013,Europe
107,0,United States of America,109,27.25,2014,North America
108,1,United Kingdom,49,12.25,2014,Europe
109,2,Germany,26,6.5,2014,Europe
110,3,Canada,19,4.75,2014,North America
111,4,Australia,19,4.75,2014,Oceania
112,5,Italy,15,3.75,2014,Europe
113,6,Netherlands,13,3.25,2014,Europe
114,7,Japan,11,2.75,2014,Asia
115,8,France,11,2.75,2014,Europe
116,9,China,10,2.5,2014,Asia
117,10,Sweden,10,2.5,2014,Europe
118,11,Spain,9,2.25,2014,Europe
119,12,Switzerland,8,2.0,2014,Europe
120,13,Taiwan,8,2.0,2014,Asia
121,14,South Korea,7,1.75,2014,Asia
122,15,Belgium,7,1.75,2014,Europe
123,16,Hong Kong,6,1.5,2014,Asia
124,17,Austria,6,1.5,2014,Europe
125,18,India,5,1.25,2014,Asia
126,19,Turkey,5,1.25,2014,Asia
127,20,New Zealand,5,1.25,2014,Oceania
128,21,Ireland,5,1.25,2014,Europe
129,22,Denmark,5,1.25,2014,Europe
130,23,Finland,5,1.25,2014,Europe
131,24,Norway,4,1.0,2014,Europe
132,25,Israel,3,0.75,2014,Asia
133,26,South Africa,3,0.75,2014,Africa
134,27,Saudi Arabia,2,0.5,2014,Asia
135,28,Brazil,2,0.5,2014,South America
136,29,Singapore,2,0.5,2014,Asia
137,30,Portugal,2,0.5,2014,Europe
138,31,Poland,1,0.25,2014,Europe
139,32,Czechia,1,0.25,2014,Europe
140,33,Greece,1,0.25,2014,Europe
141,34,Iceland,1,0.25,2014,Europe
142,35,Thailand,1,0.25,2014,Asia
143,36,Iran,1,0.25,2014,Asia
144,37,Colombia,1,0.25,2014,South America
145,38,Russia,1,0.25,2014,Asia
146,39,Estonia,1,0.25,2014,Europe
147,0,United States of America,108,26.89,2015,North America
148,1,United Kingdom,45,11.22,2015,Europe
149,2,Germany,28,6.98,2015,Europe
150,3,Australia,20,4.99,2015,Oceania
151,4,Canada,18,4.49,2015,North America
152,5,Italy,17,4.24,2015,Europe
153,6,Netherlands,13,3.24,2015,Europe
154,7,Japan,12,2.99,2015,Asia
155,8,China,11,2.74,2015,Asia
156,9,France,11,2.74,2015,Europe
157,10,Sweden,10,2.49,2015,Europe
158,11,South Korea,9,2.24,2015,Asia
159,12,Switzerland,8,2.0,2015,Europe
160,13,Belgium,7,1.75,2015,Europe
161,14,Finland,7,1.75,2015,Europe
162,15,Taiwan,6,1.5,2015,Asia
163,16,Hong Kong,6,1.5,2015,Asia
164,17,Turkey,6,1.5,2015,Asia
165,18,Spain,6,1.5,2015,Europe
166,19,Austria,5,1.25,2015,Europe
167,20,New Zealand,5,1.25,2015,Oceania
168,21,Ireland,5,1.25,2015,Europe
169,22,Denmark,5,1.25,2015,Europe
170,23,Norway,4,1.0,2015,Europe
171,24,India,4,1.0,2015,Asia
172,25,South Africa,3,0.75,2015,Africa
173,26,Israel,3,0.75,2015,Asia
174,27,Singapore,2,0.5,2015,Asia
175,28,Russia,2,0.5,2015,Asia
176,29,Brazil,2,0.5,2015,South America
177,30,Portugal,2,0.5,2015,Europe
178,31,Iran,2,0.5,2015,Asia
179,32,Poland,1,0.25,2015,Europe
180,33,Czechia,1,0.25,2015,Europe
181,34,Greece,1,0.25,2015,Europe
182,35,Colombia,1,0.25,2015,South America
183,36,Morocco,1,0.25,2015,Africa
184,37,Macao,1,0.25,2015,Asia
185,38,Iceland,1,0.25,2015,Europe
186,39,Chile,1,0.25,2015,South America
187,40,Thailand,1,0.25,2015,Asia
188,0,United States of America,147,18.47,2016,North America
189,1,United Kingdom,78,9.75,2016,Europe
190,2,Japan,41,5.12,2016,Asia
191,3,China,37,4.62,2016,Asia
192,4,Germany,37,4.62,2016,Europe
193,5,Italy,34,4.25,2016,Europe
194,6,Australia,31,3.88,2016,Oceania
195,7,France,27,3.38,2016,Europe
196,8,Spain,25,3.12,2016,Europe
197,9,Canada,25,3.12,2016,North America
198,10,Taiwan,24,3.0,2016,Asia
199,11,South Korea,24,3.0,2016,Asia
200,12,India,17,2.12,2016,Asia
201,13,Brazil,17,2.12,2016,South America
202,14,Russia,13,1.62,2016,Asia
203,15,Netherlands,13,1.62,2016,Europe
204,16,Sweden,11,1.38,2016,Europe
205,17,Turkey,11,1.38,2016,Asia
206,18,Switzerland,10,1.25,2016,Europe
207,19,Czechia,9,1.12,2016,Europe
208,20,Ireland,9,1.12,2016,Europe
209,21,Finland,9,1.12,2016,Europe
210,22,Iran,8,1.0,2016,Asia
211,23,Greece,7,0.88,2016,Europe
212,24,Portugal,7,0.88,2016,Europe
213,25,Thailand,7,0.88,2016,Asia
214,26,Poland,7,0.88,2016,Europe
215,27,Belgium,7,0.88,2016,Europe
216,28,New Zealand,7,0.88,2016,Oceania
217,29,Austria,7,0.88,2016,Europe
218,30,Denmark,6,0.75,2016,Europe
219,31,Hungary,6,0.75,2016,Europe
220,32,Chile,6,0.75,2016,South America
221,33,Hong Kong,6,0.75,2016,Asia
222,34,Israel,6,0.75,2016,Asia
223,35,South Africa,6,0.75,2016,Africa
224,36,Malaysia,5,0.62,2016,Asia
225,37,Romania,4,0.5,2016,Europe
226,38,Norway,4,0.5,2016,Europe
227,39,Saudi Arabia,3,0.38,2016,Asia
228,40,Egypt,3,0.38,2016,Africa
229,41,United Arab Emirates,2,0.25,2016,Asia
230,42,Jordan,2,0.25,2016,Asia
231,43,Pakistan,2,0.25,2016,Asia
232,44,Slovenia,2,0.25,2016,Europe
233,45,Singapore,2,0.25,2016,Asia
234,46,Ukraine,2,0.25,2016,Europe
235,47,Colombia,2,0.25,2016,South America
236,48,Mexico,2,0.25,2016,North America
237,49,Slovakia,2,0.25,2016,Europe
238,50,Estonia,2,0.25,2016,Europe
239,51,Latvia,1,0.12,2016,Europe
240,52,Morocco,1,0.12,2016,Africa
241,53,Oman,1,0.12,2016,Asia
242,54,Kenya,1,0.12,2016,Africa
243,55,Argentina,1,0.12,2016,South America
244,56,Qatar,1,0.12,2016,Asia
245,57,Nigeria,1,0.12,2016,Africa
246,58,Indonesia,1,0.12,2016,Asia
247,59,Cyprus,1,0.12,2016,Europe
248,60,Ghana,1,0.12,2016,Africa
249,61,Bangladesh,1,0.12,2016,Asia
250,62,Serbia,1,0.12,2016,Europe
251,63,Belarus,1,0.12,2016,Europe
252,64,Lebanon,1,0.12,2016,Asia
253,65,Macao,1,0.12,2016,Asia
254,66,Uganda,1,0.12,2016,Africa
255,67,Iceland,1,0.12,2016,Europe
256,68,Luxembourg,1,0.12,2016,Europe
257,69,Lithuania,1,0.12,2016,Europe
258,0,United States of America,148,15.13,2017,North America
259,1,United Kingdom,91,9.28,2017,Europe
260,2,Japan,69,7.03,2017,Asia
261,3,China,52,5.3,2017,Asia
262,4,Germany,41,4.18,2017,Europe
263,5,Italy,38,3.87,2017,Europe
264,6,Australia,35,3.57,2017,Oceania
265,7,India,31,3.16,2017,Asia
266,8,France,29,2.96,2017,Europe
267,9,Brazil,27,2.75,2017,South America
268,10,Spain,27,2.75,2017,Europe
269,11,Canada,26,2.65,2017,North America
270,12,Taiwan,26,2.65,2017,Asia
271,13,South Korea,25,2.55,2017,Asia
272,14,Russia,24,2.45,2017,Asia
273,15,Turkey,17,1.73,2017,Asia
274,16,Iran,13,1.33,2017,Asia
275,17,Netherlands,13,1.33,2017,Europe
276,18,Czechia,12,1.22,2017,Europe
277,19,Sweden,11,1.12,2017,Europe
278,20,Chile,10,1.02,2017,South America
279,21,Switzerland,10,1.02,2017,Europe
280,22,Thailand,9,0.92,2017,Asia
281,23,Ireland,9,0.92,2017,Europe
282,24,Poland,9,0.92,2017,Europe
283,25,Finland,9,0.92,2017,Europe
284,26,Portugal,8,0.82,2017,Europe
285,27,Belgium,8,0.82,2017,Europe
286,28,Egypt,8,0.82,2017,Africa
287,29,South Africa,8,0.82,2017,Africa
288,30,New Zealand,8,0.82,2017,Oceania
289,31,Pakistan,7,0.71,2017,Asia
290,32,Denmark,7,0.71,2017,Europe
291,33,Malaysia,7,0.71,2017,Asia
292,34,Austria,7,0.71,2017,Europe
293,35,Mexico,7,0.71,2017,North America
294,36,Hungary,6,0.61,2017,Europe
295,37,Greece,6,0.61,2017,Europe
296,38,Hong Kong,6,0.61,2017,Asia
297,39,Israel,6,0.61,2017,Asia
298,40,Norway,5,0.51,2017,Europe
299,41,Romania,4,0.41,2017,Europe
300,42,Saudi Arabia,4,0.41,2017,Asia
301,43,Ukraine,4,0.41,2017,Europe
302,44,Jordan,3,0.31,2017,Asia
303,45,Morocco,3,0.31,2017,Africa
304,46,Colombia,3,0.31,2017,South America
305,47,United Arab Emirates,3,0.31,2017,Asia
306,48,Tunisia,2,0.2,2017,Africa
307,49,Slovakia,2,0.2,2017,Europe
308,50,Cyprus,2,0.2,2017,Europe
309,51,Lithuania,2,0.2,2017,Europe
310,52,Latvia,2,0.2,2017,Europe
311,53,Venezuela,2,0.2,2017,South America
312,54,Slovenia,2,0.2,2017,Europe
313,55,Indonesia,2,0.2,2017,Asia
314,56,Estonia,2,0.2,2017,Europe
315,57,Singapore,2,0.2,2017,Asia
316,58,Georgia,1,0.1,2017,Europe
317,59,Philippines,1,0.1,2017,Asia
318,60,Algeria,1,0.1,2017,Africa
319,61,Kenya,1,0.1,2017,Africa
320,62,Bulgaria,1,0.1,2017,Europe
321,63,Costa Rica,1,0.1,2017,North America
322,64,Argentina,1,0.1,2017,South America
323,65,Nigeria,1,0.1,2017,Africa
324,66,Uganda,1,0.1,2017,Africa
325,67,Sri Lanka,1,0.1,2017,Asia
326,68,Serbia,1,0.1,2017,Europe
327,69,Belarus,1,0.1,2017,Europe
328,70,Oman,1,0.1,2017,Asia
329,71,Kuwait,1,0.1,2017,Asia
330,72,Ghana,1,0.1,2017,Africa
331,73,N. Cyprus,1,0.1,2017,Europe
332,74,Qatar,1,0.1,2017,Asia
333,75,Lebanon,1,0.1,2017,Asia
334,76,Macao,1,0.1,2017,Asia
335,77,Iceland,1,0.1,2017,Europe
336,78,Luxembourg,1,0.1,2017,Europe
337,79,Croatia,1,0.1,2017,Europe
338,0,United States of America,157,14.25,2018,North America
339,1,United Kingdom,93,8.43,2018,Europe
340,2,Japan,89,8.07,2018,Asia
341,3,China,63,5.71,2018,Asia
342,4,Germany,44,3.99,2018,Europe
343,5,India,42,3.81,2018,Asia
344,6,Italy,40,3.63,2018,Europe
345,7,Australia,35,3.17,2018,Oceania
346,8,Brazil,32,2.9,2018,South America
347,9,France,31,2.81,2018,Europe
348,10,Taiwan,31,2.81,2018,Asia
349,11,Spain,29,2.63,2018,Europe
350,12,South Korea,27,2.45,2018,Asia
351,13,Russia,27,2.45,2018,Asia
352,14,Canada,26,2.36,2018,North America
353,15,Turkey,22,1.99,2018,Asia
354,16,Iran,18,1.63,2018,Asia
355,17,Chile,13,1.18,2018,South America
356,18,Czechia,13,1.18,2018,Europe
357,19,Netherlands,13,1.18,2018,Europe
358,20,Poland,12,1.09,2018,Europe
359,21,Mexico,11,1.0,2018,North America
360,22,Sweden,11,1.0,2018,Europe
361,23,Pakistan,10,0.91,2018,Asia
362,24,Switzerland,10,0.91,2018,Europe
363,25,Thailand,10,0.91,2018,Asia
364,26,Egypt,9,0.82,2018,Africa
365,27,Ireland,9,0.82,2018,Europe
366,28,Malaysia,9,0.82,2018,Asia
367,29,Finland,9,0.82,2018,Europe
368,30,Portugal,9,0.82,2018,Europe
369,31,New Zealand,8,0.73,2018,Oceania
370,32,South Africa,8,0.73,2018,Africa
371,33,Austria,8,0.73,2018,Europe
372,34,Belgium,8,0.73,2018,Europe
373,35,Greece,7,0.63,2018,Europe
374,36,Hungary,7,0.63,2018,Europe
375,37,Denmark,7,0.63,2018,Europe
376,38,Hong Kong,6,0.54,2018,Asia
377,39,Israel,6,0.54,2018,Asia
378,40,Romania,5,0.45,2018,Europe
379,41,Ukraine,5,0.45,2018,Europe
380,42,Norway,5,0.45,2018,Europe
381,43,Colombia,5,0.45,2018,South America
382,44,Saudi Arabia,5,0.45,2018,Asia
383,45,Indonesia,4,0.36,2018,Asia
384,46,United Arab Emirates,4,0.36,2018,Asia
385,47,Morocco,3,0.27,2018,Africa
386,48,Jordan,3,0.27,2018,Asia
387,49,Venezuela,3,0.27,2018,South America
388,50,Slovakia,3,0.27,2018,Europe
389,51,Iceland,2,0.18,2018,Europe
390,52,Slovenia,2,0.18,2018,Europe
391,53,Latvia,2,0.18,2018,Europe
392,54,Lithuania,2,0.18,2018,Europe
393,55,Croatia,2,0.18,2018,Europe
394,56,Cyprus,2,0.18,2018,Europe
395,57,Singapore,2,0.18,2018,Asia
396,58,Tunisia,2,0.18,2018,Africa
397,59,Estonia,2,0.18,2018,Europe
398,60,Kenya,1,0.09,2018,Africa
399,61,Bangladesh,1,0.09,2018,Asia
400,62,Argentina,1,0.09,2018,South America
401,63,Oman,1,0.09,2018,Asia
402,64,Luxembourg,1,0.09,2018,Europe
403,65,Ghana,1,0.09,2018,Africa
404,66,Georgia,1,0.09,2018,Europe
405,67,Nigeria,1,0.09,2018,Africa
406,68,Qatar,1,0.09,2018,Asia
407,69,Costa Rica,1,0.09,2018,North America
408,70,Sri Lanka,1,0.09,2018,Asia
409,71,Belarus,1,0.09,2018,Europe
410,72,Algeria,1,0.09,2018,Africa
411,73,Uganda,1,0.09,2018,Africa
412,74,Peru,1,0.09,2018,South America
413,75,Philippines,1,0.09,2018,Asia
414,76,Kuwait,1,0.09,2018,Asia
415,77,N. Cyprus,1,0.09,2018,Europe
416,78,Macao,1,0.09,2018,Asia
417,79,Lebanon,1,0.09,2018,Asia
418,80,Bulgaria,1,0.09,2018,Europe
419,0,United States of America,172,13.59,2019,North America
420,1,Japan,103,8.19,2019,Asia
421,2,United Kingdom,98,7.79,2019,Europe
422,3,China,72,5.72,2019,Asia
423,4,India,49,3.9,2019,Asia
424,5,Germany,47,3.74,2019,Europe
425,6,Italy,43,3.42,2019,Europe
426,7,Spain,38,3.02,2019,Europe
427,8,Brazil,36,2.86,2019,South America
428,9,Australia,35,2.78,2019,Oceania
429,10,Russia,35,2.78,2019,Asia
430,11,France,34,2.7,2019,Europe
431,12,Taiwan,32,2.54,2019,Asia
432,13,Iran,29,2.31,2019,Asia
433,14,South Korea,29,2.31,2019,Asia
434,15,Canada,27,2.15,2019,North America
435,16,Turkey,23,1.83,2019,Asia
436,17,Egypt,19,1.51,2019,Africa
437,18,Mexico,17,1.35,2019,North America
438,19,Chile,16,1.27,2019,South America
439,20,Thailand,14,1.11,2019,Asia
440,21,Czechia,14,1.11,2019,Europe
441,22,Portugal,13,1.03,2019,Europe
442,23,Netherlands,13,1.03,2019,Europe
443,24,Poland,12,0.95,2019,Europe
444,25,Sweden,11,0.87,2019,Europe
445,26,Malaysia,11,0.87,2019,Asia
446,27,Switzerland,10,0.79,2019,Europe
447,28,Austria,9,0.72,2019,Europe
448,29,Finland,9,0.72,2019,Europe
449,30,Pakistan,9,0.72,2019,Asia
450,31,South Africa,9,0.72,2019,Africa
451,32,Ireland,9,0.72,2019,Europe
452,33,New Zealand,8,0.64,2019,Oceania
453,34,Belgium,8,0.64,2019,Europe
454,35,Greece,8,0.64,2019,Europe
455,36,Romania,7,0.56,2019,Europe
456,37,Colombia,7,0.56,2019,South America
457,38,Hungary,7,0.56,2019,Europe
458,39,Denmark,7,0.56,2019,Europe
459,40,Saudi Arabia,6,0.48,2019,Asia
460,41,Algeria,6,0.48,2019,Africa
461,42,Israel,6,0.48,2019,Asia
462,43,Hong Kong,6,0.48,2019,Asia
463,44,Indonesia,5,0.4,2019,Asia
464,45,Norway,5,0.4,2019,Europe
465,46,Argentina,5,0.4,2019,South America
466,47,Morocco,4,0.32,2019,Africa
467,48,Ukraine,4,0.32,2019,Europe
468,49,United Arab Emirates,4,0.32,2019,Asia
469,50,Jordan,4,0.32,2019,Asia
470,51,Tunisia,3,0.24,2019,Africa
471,52,Nigeria,3,0.24,2019,Africa
472,53,Slovakia,3,0.24,2019,Europe
473,54,Latvia,2,0.16,2019,Europe
474,55,Venezuela,2,0.16,2019,South America
475,56,Kazakhstan,2,0.16,2019,Asia
476,57,Croatia,2,0.16,2019,Europe
477,58,Lithuania,2,0.16,2019,Europe
478,59,Iceland,2,0.16,2019,Europe
479,60,Slovenia,2,0.16,2019,Europe
480,61,Singapore,2,0.16,2019,Asia
481,62,Philippines,2,0.16,2019,Asia
482,63,Estonia,2,0.16,2019,Europe
483,64,Peru,2,0.16,2019,South America
484,65,Cyprus,2,0.16,2019,Europe
485,66,Lebanon,2,0.16,2019,Asia
486,67,Nepal,1,0.08,2019,Asia
487,68,Kenya,1,0.08,2019,Africa
488,69,Luxembourg,1,0.08,2019,Europe
489,70,Georgia,1,0.08,2019,Europe
490,71,Tanzania,1,0.08,2019,Africa
491,72,Sri Lanka,1,0.08,2019,Asia
492,73,Belarus,1,0.08,2019,Europe
493,74,Macao,1,0.08,2019,Asia
494,75,Qatar,1,0.08,2019,Asia
495,76,Oman,1,0.08,2019,Asia
496,77,Uganda,1,0.08,2019,Africa
497,78,Kuwait,1,0.08,2019,Asia
498,79,Ghana,1,0.08,2019,Africa
499,80,Serbia,1,0.08,2019,Europe
500,81,Jamaica,1,0.08,2019,North America
501,82,Iraq,1,0.08,2019,Asia
502,83,Costa Rica,1,0.08,2019,North America
503,84,N. Cyprus,1,0.08,2019,Europe
504,85,Bulgaria,1,0.08,2019,Europe
505,0,United States of America,172,12.39,2020,North America
506,1,Japan,110,7.87,2020,Asia
507,2,United Kingdom,100,7.16,2020,Europe
508,3,China,81,5.8,2020,Asia
509,4,India,56,4.01,2020,Asia
510,5,Germany,48,3.44,2020,Europe
511,6,Brazil,46,3.29,2020,South America
512,7,Spain,45,3.22,2020,Europe
513,8,Italy,45,3.22,2020,Europe
514,9,Iran,40,2.86,2020,Asia
515,10,Russia,39,2.79,2020,Asia
516,11,France,38,2.72,2020,Europe
517,12,Taiwan,36,2.58,2020,Asia
518,13,Australia,35,2.51,2020,Oceania
519,14,Turkey,34,2.43,2020,Asia
520,15,South Korea,31,2.22,2020,Asia
521,16,Canada,30,2.15,2020,North America
522,17,Egypt,20,1.43,2020,Africa
523,18,Chile,18,1.29,2020,South America
524,19,Czechia,17,1.22,2020,Europe
525,20,Mexico,17,1.22,2020,North America
526,21,Thailand,16,1.15,2020,Asia
527,22,Poland,14,1.0,2020,Europe
528,23,Pakistan,14,1.0,2020,Asia
529,24,Malaysia,13,0.93,2020,Asia
530,25,Portugal,13,0.93,2020,Europe
531,26,Netherlands,13,0.93,2020,Europe
532,27,Sweden,12,0.86,2020,Europe
533,28,Austria,11,0.79,2020,Europe
534,29,Switzerland,11,0.79,2020,Europe
535,30,Greece,10,0.72,2020,Europe
536,31,South Africa,10,0.72,2020,Africa
537,32,Finland,9,0.64,2020,Europe
538,33,Ireland,9,0.64,2020,Europe
539,34,Romania,9,0.64,2020,Europe
540,35,Algeria,8,0.57,2020,Africa
541,36,Colombia,8,0.57,2020,South America
542,37,Hungary,8,0.57,2020,Europe
543,38,New Zealand,8,0.57,2020,Oceania
544,39,Belgium,8,0.57,2020,Europe
545,40,Saudi Arabia,7,0.5,2020,Asia
546,41,Denmark,7,0.5,2020,Europe
547,42,Ukraine,6,0.43,2020,Europe
548,43,Tunisia,6,0.43,2020,Africa
549,44,Indonesia,6,0.43,2020,Asia
550,45,Hong Kong,6,0.43,2020,Asia
551,46,Israel,6,0.43,2020,Asia
552,47,Morocco,5,0.36,2020,Africa
553,48,Jordan,5,0.36,2020,Asia
554,49,Norway,5,0.36,2020,Europe
555,50,Slovakia,4,0.29,2020,Europe
556,51,Argentina,4,0.29,2020,South America
557,52,Nigeria,4,0.29,2020,Africa
558,53,United Arab Emirates,4,0.29,2020,Asia
559,54,Lithuania,3,0.21,2020,Europe
560,55,Latvia,3,0.21,2020,Europe
561,56,Vietnam,3,0.21,2020,Asia
562,57,Lebanon,3,0.21,2020,Asia
563,58,Estonia,3,0.21,2020,Europe
564,59,Croatia,2,0.14,2020,Europe
565,60,Venezuela,2,0.14,2020,South America
566,61,Macao,2,0.14,2020,Asia
567,62,Cyprus,2,0.14,2020,Europe
568,63,Peru,2,0.14,2020,South America
569,64,Iraq,2,0.14,2020,Asia
570,65,Iceland,2,0.14,2020,Europe
571,66,Kazakhstan,2,0.14,2020,Asia
572,67,Slovenia,2,0.14,2020,Europe
573,68,Sri Lanka,2,0.14,2020,Asia
574,69,Philippines,2,0.14,2020,Asia
575,70,Singapore,2,0.14,2020,Asia
576,71,Cuba,1,0.07,2020,North America
577,72,Georgia,1,0.07,2020,Europe
578,73,Bangladesh,1,0.07,2020,Asia
579,74,Tanzania,1,0.07,2020,Africa
580,75,Montenegro,1,0.07,2020,Europe
581,76,Luxembourg,1,0.07,2020,Europe
582,77,Belarus,1,0.07,2020,Europe
583,78,Bulgaria,1,0.07,2020,Europe
584,79,Qatar,1,0.07,2020,Asia
585,80,Kuwait,1,0.07,2020,Asia
586,81,Oman,1,0.07,2020,Asia
587,82,Puerto Rico,1,0.07,2020,North America
588,83,Kenya,1,0.07,2020,Africa
589,84,Ghana,1,0.07,2020,Africa
590,85,N. Cyprus,1,0.07,2020,Europe
591,86,Malta,1,0.07,2020,Europe
592,87,Uganda,1,0.07,2020,Africa
593,88,Brunei,1,0.07,2020,Asia
594,89,Costa Rica,1,0.07,2020,North America
595,90,Jamaica,1,0.07,2020,North America
596,91,Nepal,1,0.07,2020,Asia
597,0,United States of America,181,11.74,2021,North America
598,1,Japan,116,7.6,2021,Asia
599,2,United Kingdom,101,6.62,2021,Europe
600,3,China,91,5.96,2021,Asia
601,4,India,63,4.13,2021,Asia
602,5,Brazil,52,3.41,2021,South America
603,6,Spain,50,3.28,2021,Europe
604,7,Italy,49,3.21,2021,Europe
605,8,Germany,48,3.15,2021,Europe
606,9,Russia,48,3.15,2021,Asia
607,10,Iran,47,3.08,2021,Asia
608,11,Turkey,43,2.82,2021,Asia
609,12,France,41,2.69,2021,Europe
610,13,Taiwan,38,2.49,2021,Asia
611,14,Australia,37,2.42,2021,Oceania
612,15,South Korea,35,2.29,2021,Asia
613,16,Canada,30,1.97,2021,North America
614,17,Egypt,21,1.38,2021,Africa
615,18,Chile,21,1.38,2021,South America
616,19,Poland,19,1.25,2021,Europe
617,20,Czechia,18,1.18,2021,Europe
618,21,Thailand,17,1.11,2021,Asia
619,22,Mexico,16,1.05,2021,North America
620,23,Pakistan,16,1.05,2021,Asia
621,24,Malaysia,15,0.98,2021,Asia
622,25,Romania,13,0.85,2021,Europe
623,26,Netherlands,13,0.85,2021,Europe
624,27,Sweden,12,0.79,2021,Europe
625,28,Portugal,12,0.79,2021,Europe
626,29,South Africa,11,0.72,2021,Africa
627,30,Austria,11,0.72,2021,Europe
628,31,Switzerland,11,0.72,2021,Europe
629,32,Algeria,10,0.66,2021,Africa
630,33,Saudi Arabia,10,0.66,2021,Asia
631,34,Greece,10,0.66,2021,Europe
632,35,Ukraine,9,0.59,2021,Europe
633,36,Hungary,9,0.59,2021,Europe
634,37,Colombia,9,0.59,2021,South America
635,38,Indonesia,9,0.59,2021,Asia
636,39,Finland,9,0.59,2021,Europe
637,40,Ireland,9,0.59,2021,Europe
638,41,New Zealand,8,0.52,2021,Oceania
639,42,Belgium,8,0.52,2021,Europe
640,43,Denmark,7,0.46,2021,Europe
641,44,Israel,7,0.46,2021,Asia
642,45,Slovakia,6,0.39,2021,Europe
643,46,Nigeria,6,0.39,2021,Africa
644,47,Tunisia,6,0.39,2021,Africa
645,48,Hong Kong,6,0.39,2021,Asia
646,49,United Arab Emirates,5,0.33,2021,Asia
647,50,Jordan,5,0.33,2021,Asia
648,51,Morocco,5,0.33,2021,Africa
649,52,Norway,5,0.33,2021,Europe
650,53,Lebanon,4,0.26,2021,Asia
651,54,Argentina,4,0.26,2021,South America
652,55,Lithuania,4,0.26,2021,Europe
653,56,Estonia,3,0.2,2021,Europe
654,57,Iraq,3,0.2,2021,Asia
655,58,Cyprus,3,0.2,2021,Europe
656,59,Vietnam,3,0.2,2021,Asia
657,60,Kazakhstan,3,0.2,2021,Asia
658,61,Latvia,3,0.2,2021,Europe
659,62,Croatia,2,0.13,2021,Europe
660,63,Slovenia,2,0.13,2021,Europe
661,64,Venezuela,2,0.13,2021,South America
662,65,Serbia,2,0.13,2021,Europe
663,66,Macao,2,0.13,2021,Asia
664,67,Bangladesh,2,0.13,2021,Asia
665,68,Peru,2,0.13,2021,South America
666,69,Philippines,2,0.13,2021,Asia
667,70,Sri Lanka,2,0.13,2021,Asia
668,71,Iceland,2,0.13,2021,Europe
669,72,Singapore,2,0.13,2021,Asia
670,73,Ghana,1,0.07,2021,Africa
671,74,Cuba,1,0.07,2021,North America
672,75,Georgia,1,0.07,2021,Europe
673,76,Kuwait,1,0.07,2021,Asia
674,77,Botswana,1,0.07,2021,Africa
675,78,Belarus,1,0.07,2021,Europe
676,79,Montenegro,1,0.07,2021,Europe
677,80,Brunei,1,0.07,2021,Asia
678,81,Kenya,1,0.07,2021,Africa
679,82,Nepal,1,0.07,2021,Asia
680,83,Oman,1,0.07,2021,Asia
681,84,Puerto Rico,1,0.07,2021,North America
682,85,N. Cyprus,1,0.07,2021,Europe
683,86,Malta,1,0.07,2021,Europe
684,87,Luxembourg,1,0.07,2021,Europe
685,88,Jamaica,1,0.07,2021,North America
686,89,Costa Rica,1,0.07,2021,North America
687,90,Uganda,1,0.07,2021,Africa
688,91,Qatar,1,0.07,2021,Asia
689,92,Bulgaria,1,0.07,2021,Europe
690,0,United States of America,188,8.91,2022,North America
691,1,Japan,184,8.71,2022,Asia
692,2,United Kingdom,158,7.48,2022,Europe
693,3,Russia,100,4.73,2022,Asia
694,4,China,97,4.59,2022,Asia
695,5,India,89,4.21,2022,Asia
696,6,Brazil,70,3.31,2022,South America
697,7,Turkey,66,3.12,2022,Asia
698,8,Iran,62,2.94,2022,Asia
699,9,Italy,53,2.51,2022,Europe
700,10,Spain,53,2.51,2022,Europe
701,11,Germany,52,2.46,2022,Europe
702,12,Pakistan,42,1.99,2022,Asia
703,13,Taiwan,42,1.99,2022,Asia
704,14,France,40,1.89,2022,Europe
705,15,Australia,37,1.75,2022,Oceania
706,16,South Korea,37,1.75,2022,Asia
707,17,Egypt,35,1.66,2022,Africa
708,18,Canada,32,1.52,2022,North America
709,19,Iraq,31,1.47,2022,Asia
710,20,Ukraine,29,1.37,2022,Europe
711,21,Chile,28,1.33,2022,South America
712,22,Mexico,26,1.23,2022,North America
713,23,Poland,26,1.23,2022,Europe
714,24,Colombia,25,1.18,2022,South America
715,25,Thailand,23,1.09,2022,Asia
716,26,Malaysia,22,1.04,2022,Asia
717,27,Saudi Arabia,22,1.04,2022,Asia
718,28,Indonesia,19,0.9,2022,Asia
719,29,Czechia,19,0.9,2022,Europe
720,30,Romania,18,0.85,2022,Europe
721,31,Algeria,15,0.71,2022,Africa
722,32,Portugal,14,0.66,2022,Europe
723,33,Ecuador,13,0.62,2022,South America
724,34,Netherlands,13,0.62,2022,Europe
725,35,Greece,13,0.62,2022,Europe
726,36,Switzerland,12,0.57,2022,Europe
727,37,Sweden,12,0.57,2022,Europe
728,38,Austria,12,0.57,2022,Europe
729,39,Hungary,11,0.52,2022,Europe
730,40,Finland,11,0.52,2022,Europe
731,41,South Africa,11,0.52,2022,Africa
732,42,Argentina,10,0.47,2022,South America
733,43,Jordan,10,0.47,2022,Asia
734,44,Uzbekistan,10,0.47,2022,Asia
735,45,Ireland,9,0.43,2022,Europe
736,46,Belgium,9,0.43,2022,Europe
737,47,New Zealand,8,0.38,2022,Oceania
738,48,Lebanon,8,0.38,2022,Asia
739,49,Peru,8,0.38,2022,South America
740,50,Israel,8,0.38,2022,Asia
741,51,Slovakia,8,0.38,2022,Europe
742,52,Denmark,7,0.33,2022,Europe
743,53,Nigeria,7,0.33,2022,Africa
744,54,United Arab Emirates,7,0.33,2022,Asia
745,55,Norway,6,0.28,2022,Europe
746,56,Morocco,6,0.28,2022,Africa
747,57,Hong Kong,6,0.28,2022,Asia
748,58,Vietnam,6,0.28,2022,Asia
749,59,Bangladesh,6,0.28,2022,Asia
750,60,Tunisia,6,0.28,2022,Africa
751,61,Lithuania,5,0.24,2022,Europe
752,62,Estonia,5,0.24,2022,Europe
753,63,Azerbaijan,5,0.24,2022,Europe
754,64,Oman,4,0.19,2022,Asia
755,65,Kazakhstan,4,0.19,2022,Asia
756,66,Palestine,4,0.19,2022,Asia
757,67,Ghana,4,0.19,2022,Africa
758,68,Latvia,4,0.19,2022,Europe
759,69,Slovenia,4,0.19,2022,Europe
760,70,Belarus,4,0.19,2022,Europe
761,71,Croatia,3,0.14,2022,Europe
762,72,Bulgaria,3,0.14,2022,Europe
763,73,Cyprus,3,0.14,2022,Europe
764,74,Philippines,3,0.14,2022,Asia
765,75,N. Cyprus,3,0.14,2022,Europe
766,76,Sri Lanka,3,0.14,2022,Asia
767,77,Serbia,3,0.14,2022,Europe
768,78,Singapore,2,0.09,2022,Asia
769,79,Kenya,2,0.09,2022,Africa
770,80,Costa Rica,2,0.09,2022,North America
771,81,Nepal,2,0.09,2022,Asia
772,82,Georgia,2,0.09,2022,Europe
773,83,Macao,2,0.09,2022,Asia
774,84,Bahrain,2,0.09,2022,Asia
775,85,Iceland,2,0.09,2022,Europe
776,86,Libya,1,0.05,2022,Africa
777,87,Benin,1,0.05,2022,Africa
778,88,Bosnia and Herz.,1,0.05,2022,Europe
779,89,Cambodia,1,0.05,2022,Asia
780,90,Armenia,1,0.05,2022,Europe
781,91,Moldova,1,0.05,2022,Europe
782,92,Mongolia,1,0.05,2022,Asia
783,93,Turkmenistan,1,0.05,2022,Asia
784,94,Uruguay,1,0.05,2022,South America
785,95,Montenegro,1,0.05,2022,Europe
786,96,Jamaica,1,0.05,2022,North America
787,97,Cuba,1,0.05,2022,North America
788,98,Tanzania,1,0.05,2022,Africa
789,99,Botswana,1,0.05,2022,Africa
790,100,Venezuela,1,0.05,2022,South America
791,101,Fiji,1,0.05,2022,Oceania
792,102,Puerto Rico,1,0.05,2022,North America
793,103,Malta,1,0.05,2022,Europe
794,104,Kuwait,1,0.05,2022,Asia
795,105,Uganda,1,0.05,2022,Africa
796,106,Ethiopia,1,0.05,2022,Africa
797,107,Brunei,1,0.05,2022,Asia
798,108,Qatar,1,0.05,2022,Asia
799,109,Luxembourg,1,0.05,2022,Europe
800,110,Namibia,1,0.05,2022,Africa
801,0,United States of America,179,7.64,2023,North America
802,1,United Kingdom,163,6.95,2023,Europe
803,2,Japan,152,6.48,2023,Asia
804,3,Russia,103,4.39,2023,Asia
805,4,India,101,4.31,2023,Asia
806,5,China,95,4.05,2023,Asia
807,6,Turkey,80,3.41,2023,Asia
808,7,Brazil,73,3.11,2023,South America
809,8,Iran,67,2.86,2023,Asia
810,9,Spain,59,2.52,2023,Europe
811,10,Nigeria,58,2.47,2023,Africa
812,11,Italy,56,2.39,2023,Europe
813,12,Pakistan,55,2.35,2023,Asia
814,13,Germany,51,2.17,2023,Europe
815,14,France,46,1.96,2023,Europe
816,15,Taiwan,46,1.96,2023,Asia
817,16,Iraq,45,1.92,2023,Asia
818,17,Egypt,40,1.71,2023,Africa
819,18,Australia,37,1.58,2023,Oceania
820,19,South Korea,37,1.58,2023,Asia
821,20,Poland,34,1.45,2023,Europe
822,21,Uzbekistan,32,1.36,2023,Asia
823,22,Canada,31,1.32,2023,North America
824,23,Ukraine,29,1.24,2023,Europe
825,24,Thailand,28,1.19,2023,Asia
826,25,Mexico,27,1.15,2023,North America
827,26,Colombia,27,1.15,2023,South America
828,27,Saudi Arabia,27,1.15,2023,Asia
829,28,Chile,26,1.11,2023,South America
830,29,Indonesia,25,1.07,2023,Asia
831,30,Algeria,24,1.02,2023,Africa
832,31,Malaysia,22,0.94,2023,Asia
833,32,Romania,22,0.94,2023,Europe
834,33,Czechia,20,0.85,2023,Europe
835,34,Greece,18,0.77,2023,Europe
836,35,South Africa,16,0.68,2023,Africa
837,36,Portugal,16,0.68,2023,Europe
838,37,Bangladesh,15,0.64,2023,Asia
839,38,Jordan,15,0.64,2023,Asia
840,39,Switzerland,14,0.6,2023,Europe
841,40,Netherlands,13,0.55,2023,Europe
842,41,Sweden,13,0.55,2023,Europe
843,42,Austria,13,0.55,2023,Europe
844,43,Hungary,13,0.55,2023,Europe
845,44,Ecuador,13,0.55,2023,South America
846,45,Belgium,10,0.43,2023,Europe
847,46,Philippines,10,0.43,2023,Asia
848,47,Finland,10,0.43,2023,Europe
849,48,Morocco,10,0.43,2023,Africa
850,49,Tunisia,9,0.38,2023,Africa
851,50,Ireland,9,0.38,2023,Europe
852,51,United Arab Emirates,9,0.38,2023,Asia
853,52,Israel,8,0.34,2023,Asia
854,53,New Zealand,8,0.34,2023,Oceania
855,54,Slovakia,8,0.34,2023,Europe
856,55,Belarus,7,0.3,2023,Europe
857,56,Lebanon,7,0.3,2023,Asia
858,57,Denmark,7,0.3,2023,Europe
859,58,Palestine,7,0.3,2023,Asia
860,59,Ghana,6,0.26,2023,Africa
861,60,Norway,6,0.26,2023,Europe
862,61,Peru,6,0.26,2023,South America
863,62,Kazakhstan,6,0.26,2023,Asia
864,63,Azerbaijan,6,0.26,2023,Europe
865,64,Hong Kong,6,0.26,2023,Asia
866,65,Sri Lanka,6,0.26,2023,Asia
867,66,Vietnam,6,0.26,2023,Asia
868,67,Lithuania,5,0.21,2023,Europe
869,68,Argentina,5,0.21,2023,South America
870,69,Venezuela,4,0.17,2023,South America
871,70,Cyprus,4,0.17,2023,Europe
872,71,Slovenia,4,0.17,2023,Europe
873,72,Turkmenistan,4,0.17,2023,Asia
874,73,Latvia,4,0.17,2023,Europe
875,74,Oman,4,0.17,2023,Asia
876,75,Croatia,3,0.13,2023,Europe
877,76,Bulgaria,3,0.13,2023,Europe
878,77,N. Cyprus,3,0.13,2023,Europe
879,78,Ethiopia,3,0.13,2023,Africa
880,79,Estonia,3,0.13,2023,Europe
881,80,Macao,3,0.13,2023,Asia
882,81,Serbia,3,0.13,2023,Europe
883,82,Kuwait,2,0.09,2023,Asia
884,83,Georgia,2,0.09,2023,Europe
885,84,Iceland,2,0.09,2023,Europe
886,85,Singapore,2,0.09,2023,Asia
887,86,Zambia,2,0.09,2023,Africa
888,87,Costa Rica,2,0.09,2023,North America
889,88,Botswana,2,0.09,2023,Africa
890,89,Kenya,2,0.09,2023,Africa
891,90,Uganda,2,0.09,2023,Africa
892,91,Tanzania,2,0.09,2023,Africa
893,92,Paraguay,1,0.04,2023,South America
894,93,Kyrgyzstan,1,0.04,2023,Asia
895,94,Malawi,1,0.04,2023,Africa
896,95,Moldova,1,0.04,2023,Europe
897,96,Sudan,1,0.04,2023,Africa
898,97,Mongolia,1,0.04,2023,Asia
899,98,Armenia,1,0.04,2023,Europe
900,99,Somalia,1,0.04,2023,Africa
901,100,Uruguay,1,0.04,2023,South America
902,101,Albania,1,0.04,2023,Europe
903,102,Cambodia,1,0.04,2023,Asia
904,103,Libya,1,0.04,2023,Africa
905,104,Brunei,1,0.04,2023,Asia
906,105,Luxembourg,1,0.04,2023,Europe
907,106,Montenegro,1,0.04,2023,Europe
908,107,Cuba,1,0.04,2023,North America
909,108,Qatar,1,0.04,2023,Asia
910,109,Namibia,1,0.04,2023,Africa
911,110,Zimbabwe,1,0.04,2023,Africa
912,111,Fiji,1,0.04,2023,Oceania
913,112,Puerto Rico,1,0.04,2023,North America
914,113,Mauritius,1,0.04,2023,Africa
915,114,Jamaica,1,0.04,2023,North America
916,115,Mozambique,1,0.04,2023,Africa
917,116,Nepal,1,0.04,2023,Asia
918,117,Malta,1,0.04,2023,Europe
919,118,Kosovo,1,0.04,2023,Europe
